mysql_version	port	innodb_page_size	sql_mode	foreign_key_checks
8.0.46	13306	16384	ONLY_FULL_GROUP_BY,STRICT_TRANS_TABLES,NO_ZERO_IN_DATE,NO_ZERO_DATE,ERROR_FOR_DIVISION_BY_ZERO,NO_ENGINE_SUBSTITUTION	1
object_type	object_count
tables	19
columns	154
PRIMARY KEY	19
UNIQUE	13
FOREIGN KEY	40
CHECK	51
all_indexes	56
ordinary_indexes	24
routines	0
triggers	0
views	0
TABLE_NAME	CONSTRAINT_NAME	DELETE_RULE	UPDATE_RULE
defects	fk_defects_assignee_id	RESTRICT	RESTRICT
defects	fk_defects_project_id	RESTRICT	RESTRICT
defects	fk_defects_reporter_id	RESTRICT	RESTRICT
project_counters	fk_project_counters_project_id	RESTRICT	RESTRICT
project_members	fk_project_members_project_id	RESTRICT	RESTRICT
project_members	fk_project_members_user_id	RESTRICT	RESTRICT
projects	fk_projects_created_by	RESTRICT	RESTRICT
requirements	fk_requirements_created_by	RESTRICT	RESTRICT
requirements	fk_requirements_project_id	RESTRICT	RESTRICT
test_attempt_defects	fk_test_attempt_defects_attempt_id	RESTRICT	RESTRICT
test_attempt_defects	fk_test_attempt_defects_defect_id	RESTRICT	RESTRICT
test_attempt_defects	fk_test_attempt_defects_linked_by	RESTRICT	RESTRICT
test_attempts	fk_test_attempts_automation_mapping_id	RESTRICT	RESTRICT
test_attempts	fk_test_attempts_executed_by	RESTRICT	RESTRICT
test_attempts	fk_test_attempts_import_id	RESTRICT	RESTRICT
test_attempts	fk_test_attempts_test_run_case_id	RESTRICT	RESTRICT
test_automation_identities	fk_test_automation_identities_project_id	RESTRICT	RESTRICT
test_automation_mappings	fk_test_automation_mappings_automation_identity_id	RESTRICT	RESTRICT
test_automation_mappings	fk_test_automation_mappings_created_by	RESTRICT	RESTRICT
test_automation_mappings	fk_test_automation_mappings_test_case_id	RESTRICT	RESTRICT
test_case_requirements	fk_test_case_requirements_linked_by	RESTRICT	RESTRICT
test_case_requirements	fk_test_case_requirements_requirement_id	RESTRICT	RESTRICT
test_case_requirements	fk_test_case_requirements_reviewed_by	RESTRICT	RESTRICT
test_case_requirements	fk_test_case_requirements_test_case_id	RESTRICT	RESTRICT
test_cases	fk_test_cases_created_by	RESTRICT	RESTRICT
test_cases	fk_test_cases_project_id	RESTRICT	RESTRICT
test_imports	fk_test_imports_imported_by	RESTRICT	RESTRICT
test_imports	fk_test_imports_test_run_id	RESTRICT	RESTRICT
test_plan_cases	fk_test_plan_cases_added_by	RESTRICT	RESTRICT
test_plan_cases	fk_test_plan_cases_test_case_id	RESTRICT	RESTRICT
test_plan_cases	fk_test_plan_cases_test_plan_id	RESTRICT	RESTRICT
test_plans	fk_test_plans_created_by	RESTRICT	RESTRICT
test_plans	fk_test_plans_project_id	RESTRICT	RESTRICT
test_run_case_steps	fk_test_run_case_steps_test_run_case_id	RESTRICT	RESTRICT
test_run_cases	fk_test_run_cases_test_case_id	RESTRICT	RESTRICT
test_run_cases	fk_test_run_cases_test_run_id	RESTRICT	RESTRICT
test_runs	fk_test_runs_created_by	RESTRICT	RESTRICT
test_runs	fk_test_runs_project_id	RESTRICT	RESTRICT
test_runs	fk_test_runs_test_plan_id	RESTRICT	RESTRICT
test_steps	fk_test_steps_test_case_id	RESTRICT	RESTRICT
TABLE_NAME	INDEX_NAME	NON_UNIQUE	columns_in_order
defects	ix_defects_assignee_status_id	1	assignee_id,status,id
defects	ix_defects_reporter_id	1	reporter_id
defects	PRIMARY	0	id
defects	uq_defects_project_key	0	project_id,key_no
project_counters	PRIMARY	0	project_id,entity_type
project_members	ix_members_user_status_project	1	user_id,status,project_id
project_members	PRIMARY	0	project_id,user_id
projects	ix_projects_created_by	1	created_by
projects	PRIMARY	0	id
projects	uq_projects_key	0	project_key
requirements	ix_requirements_created_by	1	created_by
requirements	PRIMARY	0	id
requirements	uq_requirements_project_key	0	project_id,key_no
test_attempt_defects	ix_attempt_defects_defect_attempt	1	defect_id,attempt_id
test_attempt_defects	ix_test_attempt_defects_linked_by	1	linked_by
test_attempt_defects	PRIMARY	0	attempt_id,defect_id
test_attempts	ix_attempts_automation_mapping	1	automation_mapping_id
test_attempts	ix_test_attempts_executed_by	1	executed_by
test_attempts	PRIMARY	0	id
test_attempts	uq_attempts_import_run_case	0	import_id,test_run_case_id
test_attempts	uq_attempts_run_case_no	0	test_run_case_id,attempt_no
test_attempts	uq_attempts_submission	0	submission_key
test_automation_identities	PRIMARY	0	id
test_automation_identities	uq_automation_identity	0	project_id,source,namespace,external_key
test_automation_mappings	ix_automation_mappings_case_status	1	test_case_id,status,id
test_automation_mappings	ix_automation_mappings_created_by	1	created_by
test_automation_mappings	PRIMARY	0	id
test_automation_mappings	uq_automation_mapping_identity	0	automation_identity_id
test_case_requirements	ix_test_case_requirements_linked_by	1	linked_by
test_case_requirements	ix_test_case_requirements_reviewed_by	1	reviewed_by
test_case_requirements	ix_trace_case_requirement	1	test_case_id,requirement_id
test_case_requirements	PRIMARY	0	requirement_id,test_case_id
test_cases	ix_test_cases_created_by	1	created_by
test_cases	PRIMARY	0	id
test_cases	uq_test_cases_project_key	0	project_id,key_no
test_imports	ix_imports_run_time_id	1	test_run_id,imported_at,id
test_imports	ix_test_imports_imported_by	1	imported_by
test_imports	PRIMARY	0	id
test_imports	uq_imports_request	0	request_key
test_plan_cases	ix_plan_cases_case_plan	1	test_case_id,test_plan_id
test_plan_cases	ix_test_plan_cases_added_by	1	added_by
test_plan_cases	PRIMARY	0	test_plan_id,test_case_id
test_plans	ix_test_plans_created_by	1	created_by
test_plans	PRIMARY	0	id
test_plans	uq_test_plans_project_key	0	project_id,key_no
test_run_case_steps	PRIMARY	0	test_run_case_id,step_order
test_run_cases	ix_run_cases_case_run	1	test_case_id,test_run_id
test_run_cases	PRIMARY	0	id
test_run_cases	uq_run_cases_run_case	0	test_run_id,test_case_id
test_runs	ix_runs_plan_created_id	1	test_plan_id,created_at,id
test_runs	ix_runs_project_created_id	1	project_id,created_at,id
test_runs	ix_test_runs_created_by	1	created_by
test_runs	PRIMARY	0	id
test_steps	PRIMARY	0	test_case_id,step_order
users	PRIMARY	0	id
users	uq_users_username	0	username
CONSTRAINT_NAME	ENFORCED
ck_attempts_failure_message	YES
ck_attempts_source_shape	YES
ck_automation_external_key_nonempty	YES
ck_defects_key_no	YES
ck_defects_priority	YES
ck_defects_resolution_note	YES
ck_defects_severity	YES
ck_defects_status	YES
ck_defects_title_nonblank	YES
ck_project_counters_entity_type	YES
ck_project_counters_next_value	YES
ck_project_members_project_role	YES
ck_project_members_status	YES
ck_projects_name_nonblank	YES
ck_projects_status	YES
ck_requirements_key_no	YES
ck_requirements_priority	YES
ck_requirements_status	YES
ck_requirements_title_nonblank	YES
ck_runs_ended_at	YES
ck_test_attempts_attempt_no	YES
ck_test_attempts_status	YES
ck_test_automation_identities_namespace_nonblank	YES
ck_test_automation_identities_source	YES
ck_test_automation_mappings_status	YES
ck_test_case_requirements_status	YES
ck_test_cases_key_no	YES
ck_test_cases_priority	YES
ck_test_cases_status	YES
ck_test_cases_title_nonblank	YES
ck_test_imports_original_filename_nonblank	YES
ck_test_imports_source_namespace_nonblank	YES
ck_test_plans_key_no	YES
ck_test_plans_name_nonblank	YES
ck_test_plans_status	YES
ck_test_run_case_steps_action_nonblank	YES
ck_test_run_case_steps_expected_result_nonblank	YES
ck_test_run_case_steps_step_order	YES
ck_test_run_cases_snapshot_priority	YES
ck_test_run_cases_snapshot_title_nonblank	YES
ck_test_runs_name_nonblank	YES
ck_test_runs_status	YES
ck_test_steps_action_nonblank	YES
ck_test_steps_expected_result_nonblank	YES
ck_test_steps_step_order	YES
ck_trace_review_shape	YES
ck_users_display_name_nonblank	YES
ck_users_password_hash_nonblank	YES
ck_users_status	YES
ck_users_system_role	YES
ck_users_username_nonblank	YES
table_name	row_count
users	10
projects	10
project_members	20
project_counters	40
requirements	30
test_cases	40
test_automation_identities	30
test_automation_mappings	30
test_steps	80
test_case_requirements	40
test_plans	20
test_plan_cases	50
test_runs	30
test_run_cases	50
test_run_case_steps	100
test_imports	20
test_attempts	50
defects	20
test_attempt_defects	10
